{
    "loss": 0.16135382652282715,
    "accuracy": 0.9610389471054077
}